nodisease/1405.jpg,1
rust/176.jpg,3
miner/882.jpg,0
miner/1249.jpg,0
phoma/320.jpg,2
miner/54.jpg,0
rust/1592.jpg,3
rust/1252.jpg,3
miner/1269.jpg,0
rust/650.jpg,3
rust/1555.jpg,3
phoma/292.jpg,2
rust/1350.jpg,3
phoma/306.jpg,2
miner/1140.jpg,0
rust/1519.jpg,3
miner/956.jpg,0
miner/1542.jpg,0
miner/892.jpg,0
miner/1150.jpg,0
phoma/500.jpg,2
nodisease/1240.jpg,1
nodisease/723.jpg,1
phoma/391.jpg,2
miner/1379.jpg,0
phoma/384.jpg,2
miner/912.jpg,0
miner/1011.jpg,0
rust/164.jpg,3
nodisease/193.jpg,1
miner/1151.jpg,0
miner/1359.jpg,0
nodisease/1038.jpg,1
nodisease/815.jpg,1
phoma/274.jpg,2
miner/1261.jpg,0
nodisease/1627.jpg,1
nodisease/832.jpg,1
nodisease/1202.jpg,1
nodisease/189.jpg,1
nodisease/5.jpg,1
miner/1034.jpg,0
rust/1601.jpg,3
rust/947.jpg,3
phoma/680.jpg,2
miner/1080.jpg,0
miner/854.jpg,0
miner/1357.jpg,0
nodisease/1238.jpg,1
phoma/449.jpg,2
miner/1152.jpg,0
rust/902.jpg,3
phoma/393.jpg,2
phoma/548.jpg,2
rust/1505.jpg,3
phoma/347.jpg,2
phoma/517.jpg,2
phoma/602.jpg,2
phoma/252.jpg,2
nodisease/1051.jpg,1
phoma/381.jpg,2
phoma/363.jpg,2
miner/1101.jpg,0
miner/85.jpg,0
nodisease/863.jpg,1
miner/830.jpg,0
phoma/797.jpg,2
nodisease/586.jpg,1
nodisease/1058.jpg,1
miner/1008.jpg,0
miner/972.jpg,0
rust/1661.jpg,3
miner/928.jpg,0
phoma/360.jpg,2
rust/139.jpg,3
phoma/608.jpg,2
nodisease/1288.jpg,1
nodisease/702.jpg,1
phoma/402.jpg,2
miner/995.jpg,0
phoma/250.jpg,2
nodisease/870.jpg,1
phoma/244.jpg,2
rust/1634.jpg,3
nodisease/965.jpg,1
miner/1363.jpg,0
phoma/489.jpg,2
miner/979.jpg,0
miner/106.jpg,0
rust/968.jpg,3
nodisease/1019.jpg,1
rust/1654.jpg,3
nodisease/1419.jpg,1
rust/1255.jpg,3
rust/1594.jpg,3
miner/1258.jpg,0
phoma/329.jpg,2
nodisease/1166.jpg,1
nodisease/1203.jpg,1
rust/1613.jpg,3
miner/1543.jpg,0
rust/1652.jpg,3
miner/1082.jpg,0
miner/1377.jpg,0
rust/712.jpg,3
nodisease/996.jpg,1
phoma/364.jpg,2
phoma/565.jpg,2
phoma/730.jpg,2
phoma/336.jpg,2
rust/1517.jpg,3
phoma/566.jpg,2
phoma/535.jpg,2
rust/157.jpg,3
miner/1262.jpg,0
rust/179.jpg,3
phoma/399.jpg,2
rust/1617.jpg,3
miner/1342.jpg,0
rust/1640.jpg,3
rust/1623.jpg,3
miner/805.jpg,0
rust/1468.jpg,3
phoma/641.jpg,2
phoma/644.jpg,2
rust/1477.jpg,3
miner/45.jpg,0
nodisease/935.jpg,1
nodisease/1424.jpg,1
nodisease/1391.jpg,1
miner/937.jpg,0
miner/1109.jpg,0
rust/1549.jpg,3
miner/1310.jpg,0
nodisease/727.jpg,1
rust/1372.jpg,3
rust/1029.jpg,3
phoma/485.jpg,2
phoma/637.jpg,2
phoma/472.jpg,2
miner/1095.jpg,0
rust/1374.jpg,3
nodisease/2.jpg,1
phoma/821.jpg,2
miner/990.jpg,0
phoma/439.jpg,2
nodisease/1160.jpg,1
miner/55.jpg,0
nodisease/695.jpg,1
phoma/373.jpg,2
nodisease/788.jpg,1
nodisease/585.jpg,1
miner/1321.jpg,0
miner/38.jpg,0
miner/858.jpg,0
phoma/272.jpg,2
phoma/555.jpg,2
rust/1546.jpg,3
rust/1579.jpg,3
phoma/560.jpg,2
nodisease/1658.jpg,1
miner/1308.jpg,0
miner/981.jpg,0
nodisease/1401.jpg,1
miner/41.jpg,0
phoma/460.jpg,2
phoma/673.jpg,2
miner/880.jpg,0
miner/856.jpg,0
rust/1524.jpg,3
nodisease/1229.jpg,1
rust/1614.jpg,3
phoma/354.jpg,2
phoma/642.jpg,2
phoma/417.jpg,2
rust/896.jpg,3
miner/104.jpg,0
miner/63.jpg,0
nodisease/4.jpg,1
rust/167.jpg,3
miner/1136.jpg,0
nodisease/833.jpg,1
nodisease/997.jpg,1
rust/901.jpg,3
nodisease/752.jpg,1
nodisease/845.jpg,1
miner/1328.jpg,0
miner/233.jpg,0
phoma/594.jpg,2
phoma/515.jpg,2
nodisease/1216.jpg,1
nodisease/1395.jpg,1
miner/29.jpg,0
phoma/331.jpg,2
nodisease/1194.jpg,1
nodisease/1177.jpg,1
nodisease/1431.jpg,1
miner/864.jpg,0
phoma/526.jpg,2
nodisease/1409.jpg,1
rust/1647.jpg,3
nodisease/199.jpg,1
rust/1489.jpg,3
nodisease/1168.jpg,1
phoma/482.jpg,2
rust/651.jpg,3
miner/1283.jpg,0
rust/168.jpg,3
phoma/351.jpg,2
phoma/668.jpg,2
nodisease/1243.jpg,1
miner/68.jpg,0
nodisease/1161.jpg,1
rust/716.jpg,3
miner/1027.jpg,0
nodisease/1145.jpg,1
miner/1322.jpg,0
nodisease/1418.jpg,1
miner/1540.jpg,0
rust/1516.jpg,3
miner/117.jpg,0
rust/1348.jpg,3
phoma/366.jpg,2
nodisease/813.jpg,1
rust/1486.jpg,3
rust/1545.jpg,3
rust/1521.jpg,3
nodisease/1059.jpg,1
phoma/678.jpg,2
miner/1259.jpg,0
rust/1473.jpg,3
phoma/262.jpg,2
nodisease/1065.jpg,1
rust/128.jpg,3
miner/879.jpg,0
miner/950.jpg,0
phoma/495.jpg,2
nodisease/967.jpg,1
rust/1581.jpg,3
miner/839.jpg,0
phoma/395.jpg,2
phoma/550.jpg,2
rust/734.jpg,3
phoma/335.jpg,2
miner/1347.jpg,0
rust/719.jpg,3
miner/224.jpg,0
phoma/404.jpg,2
rust/1637.jpg,3
nodisease/1241.jpg,1
miner/806.jpg,0
phoma/546.jpg,2
phoma/303.jpg,2
nodisease/1191.jpg,1
miner/228.jpg,0
phoma/579.jpg,2
miner/23.jpg,0
miner/1010.jpg,0
phoma/438.jpg,2
phoma/654.jpg,2
phoma/358.jpg,2
rust/1509.jpg,3
phoma/757.jpg,2
rust/732.jpg,3
phoma/553.jpg,2
miner/872.jpg,0
miner/909.jpg,0
nodisease/700.jpg,1
nodisease/1221.jpg,1
miner/36.jpg,0
phoma/647.jpg,2
rust/1648.jpg,3
miner/1300.jpg,0
phoma/729.jpg,2
rust/133.jpg,3
miner/1158.jpg,0
miner/1068.jpg,0
nodisease/847.jpg,1
rust/1466.jpg,3
rust/1088.jpg,3
miner/1302.jpg,0
rust/1596.jpg,3
phoma/275.jpg,2
phoma/279.jpg,2
nodisease/210.jpg,1
nodisease/1327.jpg,1
miner/1103.jpg,0
miner/910.jpg,0
rust/1514.jpg,3
nodisease/1384.jpg,1
phoma/353.jpg,2
miner/955.jpg,0
phoma/267.jpg,2
nodisease/1365.jpg,1
phoma/823.jpg,2
nodisease/1626.jpg,1
phoma/592.jpg,2
rust/1646.jpg,3
nodisease/1218.jpg,1
miner/119.jpg,0
phoma/521.jpg,2
phoma/653.jpg,2
phoma/672.jpg,2
phoma/658.jpg,2
miner/216.jpg,0
phoma/441.jpg,2
nodisease/861.jpg,1
phoma/574.jpg,2
phoma/278.jpg,2
miner/1378.jpg,0
miner/866.jpg,0
nodisease/793.jpg,1
miner/908.jpg,0
nodisease/764.jpg,1
miner/111.jpg,0
nodisease/1398.jpg,1
nodisease/1223.jpg,1
miner/89.jpg,0
nodisease/1079.jpg,1
miner/218.jpg,0
phoma/621.jpg,2
phoma/367.jpg,2
phoma/683.jpg,2
nodisease/1231.jpg,1
phoma/407.jpg,2
rust/649.jpg,3
phoma/611.jpg,2
nodisease/1657.jpg,1
phoma/532.jpg,2
miner/1054.jpg,0
miner/121.jpg,0
rust/1615.jpg,3
miner/874.jpg,0
rust/135.jpg,3
miner/91.jpg,0
nodisease/740.jpg,1
miner/1541.jpg,0
phoma/808.jpg,2
nodisease/1423.jpg,1
miner/1338.jpg,0
phoma/593.jpg,2
rust/1644.jpg,3
phoma/302.jpg,2
nodisease/1389.jpg,1
miner/837.jpg,0
rust/1643.jpg,3
nodisease/721.jpg,1
phoma/499.jpg,2
miner/1104.jpg,0
phoma/255.jpg,2
rust/1610.jpg,3
phoma/624.jpg,2
rust/1507.jpg,3
phoma/781.jpg,2
miner/865.jpg,0
phoma/457.jpg,2
phoma/313.jpg,2
phoma/380.jpg,2
nodisease/1420.jpg,1
miner/123.jpg,0
phoma/570.jpg,2
miner/1070.jpg,0
rust/1641.jpg,3
miner/110.jpg,0
phoma/496.jpg,2
rust/1506.jpg,3
phoma/326.jpg,2
phoma/494.jpg,2
miner/1134.jpg,0
nodisease/747.jpg,1
nodisease/1404.jpg,1
nodisease/1039.jpg,1
miner/1331.jpg,0
rust/1551.jpg,3
nodisease/1299.jpg,1
nodisease/1172.jpg,1
nodisease/3.jpg,1
phoma/337.jpg,2
phoma/325.jpg,2
phoma/674.jpg,2
nodisease/1387.jpg,1
miner/1108.jpg,0
miner/867.jpg,0
phoma/758.jpg,2
miner/44.jpg,0
nodisease/906.jpg,1
miner/1449.jpg,0
nodisease/1167.jpg,1
phoma/557.jpg,2
nodisease/1406.jpg,1
miner/894.jpg,0
miner/1084.jpg,0
miner/684.jpg,0
phoma/739.jpg,2
rust/173.jpg,3
nodisease/1369.jpg,1
nodisease/1188.jpg,1
phoma/379.jpg,2
nodisease/1193.jpg,1
phoma/497.jpg,2
phoma/291.jpg,2
rust/1535.jpg,3
miner/115.jpg,0
phoma/633.jpg,2
miner/120.jpg,0
phoma/270.jpg,2
phoma/357.jpg,2
phoma/342.jpg,2
miner/895.jpg,0
rust/1639.jpg,3
nodisease/1004.jpg,1
rust/1602.jpg,3
miner/58.jpg,0
miner/1044.jpg,0
miner/877.jpg,0
rust/1595.jpg,3
miner/828.jpg,0
phoma/260.jpg,2
nodisease/213.jpg,1
phoma/663.jpg,2
phoma/534.jpg,2
nodisease/1370.jpg,1
phoma/473.jpg,2
rust/170.jpg,3
phoma/362.jpg,2
miner/1275.jpg,0
nodisease/1289.jpg,1
nodisease/1217.jpg,1
rust/1600.jpg,3
nodisease/1171.jpg,1
nodisease/6.jpg,1
rust/1522.jpg,3
phoma/588.jpg,2
nodisease/792.jpg,1
nodisease/204.jpg,1
phoma/613.jpg,2
rust/161.jpg,3
miner/1497.jpg,0
miner/1250.jpg,0
nodisease/1197.jpg,1
rust/183.jpg,3
rust/1576.jpg,3
nodisease/1064.jpg,1
miner/48.jpg,0
miner/1312.jpg,0
phoma/264.jpg,2
phoma/458.jpg,2
miner/1130.jpg,0
phoma/340.jpg,2
nodisease/1204.jpg,1
phoma/18.jpg,2
miner/1502.jpg,0
rust/1493.jpg,3
rust/1040.jpg,3
nodisease/1382.jpg,1
nodisease/1198.jpg,1
miner/1499.jpg,0
rust/1572.jpg,3
phoma/577.jpg,2
nodisease/826.jpg,1
phoma/512.jpg,2
phoma/396.jpg,2
phoma/296.jpg,2
rust/1476.jpg,3
nodisease/825.jpg,1
rust/130.jpg,3
phoma/820.jpg,2
nodisease/924.jpg,1
phoma/271.jpg,2
nodisease/209.jpg,1
phoma/504.jpg,2
miner/1139.jpg,0
nodisease/824.jpg,1
miner/1141.jpg,0
miner/913.jpg,0
phoma/285.jpg,2
rust/886.jpg,3
phoma/596.jpg,2
phoma/450.jpg,2
miner/1248.jpg,0
miner/1114.jpg,0
miner/1444.jpg,0
rust/770.jpg,3
nodisease/777.jpg,1
phoma/670.jpg,2
miner/1047.jpg,0
phoma/287.jpg,2
miner/1294.jpg,0
rust/1565.jpg,3
nodisease/1400.jpg,1
nodisease/10.jpg,1
miner/1277.jpg,0
phoma/293.jpg,2
phoma/394.jpg,2
miner/1451.jpg,0
phoma/387.jpg,2
rust/1492.jpg,3
phoma/518.jpg,2
nodisease/1176.jpg,1
nodisease/1147.jpg,1
phoma/802.jpg,2
rust/1433.jpg,3
phoma/547.jpg,2
nodisease/749.jpg,1
miner/878.jpg,0
rust/1028.jpg,3
nodisease/1169.jpg,1
rust/1474.jpg,3
rust/1636.jpg,3
rust/735.jpg,3
nodisease/1422.jpg,1
phoma/288.jpg,2
miner/1069.jpg,0
rust/1253.jpg,3
miner/687.jpg,0
phoma/429.jpg,2
miner/76.jpg,0
nodisease/919.jpg,1
phoma/657.jpg,2
miner/816.jpg,0
phoma/665.jpg,2
nodisease/725.jpg,1
phoma/461.jpg,2
phoma/444.jpg,2
miner/948.jpg,0
miner/1271.jpg,0
miner/1024.jpg,0
nodisease/1215.jpg,1
rust/945.jpg,3
miner/987.jpg,0
phoma/575.jpg,2
miner/79.jpg,0
phoma/630.jpg,2
nodisease/744.jpg,1
phoma/508.jpg,2
nodisease/1368.jpg,1
nodisease/693.jpg,1
phoma/564.jpg,2
miner/889.jpg,0
nodisease/860.jpg,1
phoma/455.jpg,2
miner/108.jpg,0
miner/949.jpg,0
rust/1478.jpg,3
phoma/430.jpg,2
rust/1475.jpg,3
rust/1442.jpg,3
miner/706.jpg,0
phoma/567.jpg,2
miner/881.jpg,0
rust/1121.jpg,3
miner/83.jpg,0
rust/166.jpg,3
phoma/390.jpg,2
rust/961.jpg,3
nodisease/1430.jpg,1
phoma/502.jpg,2
rust/885.jpg,3
nodisease/1631.jpg,1
rust/184.jpg,3
phoma/378.jpg,2
nodisease/1163.jpg,1
nodisease/790.jpg,1
miner/952.jpg,0
phoma/617.jpg,2
miner/1111.jpg,0
phoma/774.jpg,2
nodisease/1164.jpg,1
nodisease/934.jpg,1
rust/162.jpg,3
rust/147.jpg,3
phoma/677.jpg,2
nodisease/1012.jpg,1
phoma/299.jpg,2
nodisease/1056.jpg,1
nodisease/1067.jpg,1
miner/953.jpg,0
miner/27.jpg,0
phoma/538.jpg,2
nodisease/1659.jpg,1
phoma/519.jpg,2
miner/1281.jpg,0
rust/1510.jpg,3
phoma/389.jpg,2
phoma/536.jpg,2
phoma/623.jpg,2
nodisease/905.jpg,1
miner/939.jpg,0
nodisease/921.jpg,1
nodisease/923.jpg,1
nodisease/1207.jpg,1
phoma/324.jpg,2
miner/1286.jpg,0
nodisease/197.jpg,1
phoma/19.jpg,2
phoma/801.jpg,2
nodisease/1077.jpg,1
nodisease/1411.jpg,1
miner/42.jpg,0
miner/126.jpg,0
phoma/728.jpg,2
rust/1608.jpg,3
miner/1360.jpg,0
nodisease/720.jpg,1
phoma/481.jpg,2
phoma/465.jpg,2
phoma/277.jpg,2
phoma/452.jpg,2
miner/1340.jpg,0
phoma/667.jpg,2
phoma/424.jpg,2
rust/1487.jpg,3
nodisease/1199.jpg,1
rust/1528.jpg,3
nodisease/1170.jpg,1
miner/931.jpg,0
rust/152.jpg,3
miner/71.jpg,0
nodisease/703.jpg,1
phoma/785.jpg,2
rust/1518.jpg,3
phoma/382.jpg,2
miner/107.jpg,0
nodisease/846.jpg,1
nodisease/7.jpg,1
rust/1254.jpg,3
rust/717.jpg,3
miner/95.jpg,0
rust/1042.jpg,3
phoma/782.jpg,2
miner/1159.jpg,0
miner/705.jpg,0
miner/804.jpg,0
nodisease/191.jpg,1
phoma/513.jpg,2
phoma/531.jpg,2
phoma/427.jpg,2
phoma/257.jpg,2
phoma/530.jpg,2
nodisease/1290.jpg,1
miner/1329.jpg,0
phoma/631.jpg,2
miner/989.jpg,0
nodisease/1175.jpg,1
phoma/301.jpg,2
miner/1315.jpg,0
phoma/355.jpg,2
rust/1573.jpg,3
phoma/645.jpg,2
miner/1033.jpg,0
rust/1552.jpg,3
phoma/319.jpg,2
rust/1559.jpg,3
rust/1662.jpg,3
phoma/321.jpg,2
miner/221.jpg,0
nodisease/1332.jpg,1
phoma/254.jpg,2
miner/98.jpg,0
phoma/421.jpg,2
nodisease/1318.jpg,1
miner/1132.jpg,0
phoma/470.jpg,2
rust/1598.jpg,3
phoma/365.jpg,2
nodisease/1144.jpg,1
miner/26.jpg,0
miner/930.jpg,0
nodisease/690.jpg,1
nodisease/1048.jpg,1
phoma/425.jpg,2
phoma/655.jpg,2
rust/180.jpg,3
nodisease/208.jpg,1
nodisease/1307.jpg,1
miner/62.jpg,0
miner/1301.jpg,0
phoma/681.jpg,2
phoma/610.jpg,2
rust/1464.jpg,3
miner/236.jpg,0
nodisease/779.jpg,1
phoma/286.jpg,2
miner/1482.jpg,0
phoma/639.jpg,2
rust/129.jpg,3
phoma/453.jpg,2
miner/1354.jpg,0
phoma/290.jpg,2
phoma/540.jpg,2
nodisease/202.jpg,1
phoma/317.jpg,2
miner/1503.jpg,0
miner/1112.jpg,0
nodisease/834.jpg,1
phoma/434.jpg,2
miner/43.jpg,0
miner/1501.jpg,0
miner/1055.jpg,0
miner/46.jpg,0
phoma/448.jpg,2
nodisease/1306.jpg,1
rust/1645.jpg,3
rust/1649.jpg,3
miner/1001.jpg,0
nodisease/198.jpg,1
miner/112.jpg,0
nodisease/1208.jpg,1
miner/1313.jpg,0
phoma/759.jpg,2
miner/1284.jpg,0
phoma/369.jpg,2
phoma/528.jpg,2
rust/1457.jpg,3
phoma/383.jpg,2
nodisease/1390.jpg,1
rust/171.jpg,3
miner/1153.jpg,0
rust/156.jpg,3
rust/898.jpg,3
phoma/490.jpg,2
nodisease/1225.jpg,1
phoma/433.jpg,2
miner/977.jpg,0
nodisease/1297.jpg,1
miner/52.jpg,0
miner/99.jpg,0
rust/1591.jpg,3
phoma/539.jpg,2
nodisease/1179.jpg,1
miner/1483.jpg,0
phoma/523.jpg,2
nodisease/964.jpg,1
rust/1432.jpg,3
miner/954.jpg,0
phoma/559.jpg,2
miner/1244.jpg,0
miner/22.jpg,0
rust/144.jpg,3
miner/59.jpg,0
nodisease/1219.jpg,1
miner/1276.jpg,0
miner/1279.jpg,0
rust/884.jpg,3
phoma/635.jpg,2
rust/1607.jpg,3
nodisease/1237.jpg,1
miner/1115.jpg,0
nodisease/11.jpg,1
miner/929.jpg,0
miner/1107.jpg,0
phoma/784.jpg,2
phoma/447.jpg,2
rust/1515.jpg,3
miner/1087.jpg,0
miner/1336.jpg,0
phoma/408.jpg,2
phoma/413.jpg,2
rust/1520.jpg,3
phoma/442.jpg,2
miner/39.jpg,0
phoma/607.jpg,2
phoma/284.jpg,2
miner/1157.jpg,0
rust/145.jpg,3
nodisease/1402.jpg,1
nodisease/751.jpg,1
rust/1538.jpg,3
miner/47.jpg,0
phoma/476.jpg,2
phoma/400.jpg,2
miner/1081.jpg,0
miner/28.jpg,0
rust/1452.jpg,3
phoma/578.jpg,2
rust/1435.jpg,3
rust/1471.jpg,3
miner/57.jpg,0
miner/1323.jpg,0
miner/859.jpg,0
miner/1496.jpg,0
rust/1527.jpg,3
rust/1441.jpg,3
rust/1513.jpg,3
miner/37.jpg,0
rust/140.jpg,3
nodisease/1181.jpg,1
rust/1651.jpg,3
nodisease/1298.jpg,1
rust/1589.jpg,3
phoma/437.jpg,2
phoma/261.jpg,2
phoma/609.jpg,2
phoma/576.jpg,2
miner/1344.jpg,0
phoma/628.jpg,2
nodisease/194.jpg,1
nodisease/762.jpg,1
rust/1611.jpg,3
nodisease/726.jpg,1
miner/1245.jpg,0
phoma/659.jpg,2
miner/1345.jpg,0
nodisease/689.jpg,1
phoma/298.jpg,2
phoma/541.jpg,2
rust/1512.jpg,3
nodisease/868.jpg,1
miner/25.jpg,0
nodisease/1005.jpg,1
rust/169.jpg,3
rust/1635.jpg,3
phoma/403.jpg,2
rust/963.jpg,3
nodisease/741.jpg,1
rust/1606.jpg,3
miner/829.jpg,0
phoma/549.jpg,2
phoma/626.jpg,2
phoma/343.jpg,2
rust/1569.jpg,3
nodisease/1242.jpg,1
nodisease/1428.jpg,1
rust/1532.jpg,3
phoma/247.jpg,2
nodisease/196.jpg,1
miner/936.jpg,0
miner/1450.jpg,0
phoma/487.jpg,2
miner/1148.jpg,0
miner/1026.jpg,0
nodisease/844.jpg,1
miner/994.jpg,0
nodisease/1099.jpg,1
nodisease/215.jpg,1
nodisease/1410.jpg,1
rust/1620.jpg,3
phoma/786.jpg,2
miner/1562.jpg,0
rust/1605.jpg,3
nodisease/1211.jpg,1
phoma/662.jpg,2
phoma/634.jpg,2
nodisease/688.jpg,1
rust/1485.jpg,3
miner/1137.jpg,0
miner/1343.jpg,0
nodisease/1173.jpg,1
miner/102.jpg,0
rust/1650.jpg,3
miner/30.jpg,0
nodisease/205.jpg,1
nodisease/1316.jpg,1
miner/34.jpg,0
miner/818.jpg,0
miner/229.jpg,0
phoma/563.jpg,2
miner/853.jpg,0
rust/1539.jpg,3
rust/1557.jpg,3
rust/1577.jpg,3
phoma/590.jpg,2
phoma/451.jpg,2
miner/105.jpg,0
miner/807.jpg,0
phoma/377.jpg,2
nodisease/1584.jpg,1
nodisease/1366.jpg,1
phoma/660.jpg,2
nodisease/1036.jpg,1
nodisease/746.jpg,1
miner/21.jpg,0
nodisease/1.jpg,1
rust/1599.jpg,3
rust/181.jpg,3
phoma/309.jpg,2
miner/217.jpg,0
phoma/248.jpg,2
phoma/620.jpg,2
miner/238.jpg,0
phoma/311.jpg,2
nodisease/699.jpg,1
nodisease/933.jpg,1
miner/983.jpg,0
phoma/338.jpg,2
nodisease/1076.jpg,1
nodisease/791.jpg,1
nodisease/1195.jpg,1
nodisease/9.jpg,1
nodisease/1380.jpg,1
miner/24.jpg,0
nodisease/1415.jpg,1
phoma/551.jpg,2
nodisease/701.jpg,1
miner/1320.jpg,0
phoma/809.jpg,2
phoma/346.jpg,2
phoma/595.jpg,2
nodisease/1015.jpg,1
rust/1458.jpg,3
nodisease/14.jpg,1
miner/86.jpg,0
miner/980.jpg,0
miner/116.jpg,0
phoma/484.jpg,2
nodisease/926.jpg,1
rust/174.jpg,3
phoma/245.jpg,2
phoma/418.jpg,2
miner/819.jpg,0
rust/1526.jpg,3
nodisease/1162.jpg,1
phoma/359.jpg,2
miner/875.jpg,0
rust/1463.jpg,3
phoma/392.jpg,2
nodisease/1189.jpg,1
miner/831.jpg,0
miner/1074.jpg,0
nodisease/814.jpg,1
nodisease/1222.jpg,1
nodisease/848.jpg,1
miner/1246.jpg,0
phoma/520.jpg,2
phoma/679.jpg,2
nodisease/188.jpg,1
phoma/471.jpg,2
phoma/468.jpg,2
nodisease/789.jpg,1
nodisease/200.jpg,1
phoma/629.jpg,2
phoma/464.jpg,2
phoma/527.jpg,2
nodisease/942.jpg,1
rust/1618.jpg,3
rust/1604.jpg,3
miner/1128.jpg,0
miner/1355.jpg,0
phoma/599.jpg,2
miner/914.jpg,0
miner/88.jpg,0
rust/155.jpg,3
nodisease/1629.jpg,1
nodisease/1236.jpg,1
miner/67.jpg,0
miner/1045.jpg,0
rust/1655.jpg,3
rust/143.jpg,3
phoma/640.jpg,2
rust/1548.jpg,3
nodisease/922.jpg,1
phoma/406.jpg,2
phoma/341.jpg,2
rust/185.jpg,3
rust/1547.jpg,3
nodisease/1335.jpg,1
nodisease/1334.jpg,1
miner/1303.jpg,0
miner/873.jpg,0
nodisease/767.jpg,1
rust/1511.jpg,3
phoma/569.jpg,2
rust/1653.jpg,3
rust/142.jpg,3
phoma/397.jpg,2
phoma/799.jpg,2
nodisease/1585.jpg,1
phoma/591.jpg,2
miner/1251.jpg,0
miner/1560.jpg,0
miner/1280.jpg,0
nodisease/1386.jpg,1
miner/1032.jpg,0
rust/769.jpg,3
rust/172.jpg,3
miner/219.jpg,0
phoma/454.jpg,2
miner/1053.jpg,0
nodisease/750.jpg,1
miner/1073.jpg,0
nodisease/1416.jpg,1
phoma/356.jpg,2
rust/1031.jpg,3
miner/1110.jpg,0
nodisease/1414.jpg,1
phoma/614.jpg,2
miner/838.jpg,0
phoma/374.jpg,2
miner/109.jpg,0
rust/1622.jpg,3
nodisease/745.jpg,1
phoma/615.jpg,2
phoma/491.jpg,2
miner/1133.jpg,0
nodisease/966.jpg,1
miner/223.jpg,0
phoma/636.jpg,2
phoma/426.jpg,2
phoma/350.jpg,2
nodisease/748.jpg,1
miner/32.jpg,0
phoma/385.jpg,2
phoma/445.jpg,2
phoma/420.jpg,2
miner/81.jpg,0
rust/1632.jpg,3
nodisease/1006.jpg,1
miner/1436.jpg,0
miner/75.jpg,0
phoma/811.jpg,2
miner/230.jpg,0
rust/969.jpg,3
rust/1580.jpg,3
nodisease/1017.jpg,1
phoma/263.jpg,2
rust/1467.jpg,3
phoma/432.jpg,2
nodisease/1407.jpg,1
phoma/603.jpg,2
miner/1046.jpg,0
phoma/554.jpg,2
phoma/638.jpg,2
nodisease/1304.jpg,1
nodisease/827.jpg,1
miner/1093.jpg,0
phoma/604.jpg,2
phoma/333.jpg,2
rust/1508.jpg,3
nodisease/904.jpg,1
nodisease/1624.jpg,1
nodisease/794.jpg,1
miner/1100.jpg,0
rust/1091.jpg,3
phoma/268.jpg,2
nodisease/1201.jpg,1
rust/1588.jpg,3
phoma/375.jpg,2
rust/1472.jpg,3
phoma/731.jpg,2
nodisease/8.jpg,1
rust/1537.jpg,3
nodisease/207.jpg,1
miner/1021.jpg,0
phoma/796.jpg,2
nodisease/761.jpg,1
miner/1072.jpg,0
nodisease/795.jpg,1
phoma/16.jpg,2
miner/951.jpg,0
miner/125.jpg,0
nodisease/943.jpg,1
phoma/330.jpg,2
nodisease/1426.jpg,1
nodisease/918.jpg,1
nodisease/941.jpg,1
rust/1479.jpg,3
rust/1459.jpg,3
miner/60.jpg,0
nodisease/766.jpg,1
nodisease/1018.jpg,1
miner/56.jpg,0
rust/1583.jpg,3
miner/1293.jpg,0
nodisease/1403.jpg,1
nodisease/1587.jpg,1
nodisease/12.jpg,1
nodisease/1049.jpg,1
nodisease/1228.jpg,1
miner/1282.jpg,0
phoma/276.jpg,2
nodisease/1205.jpg,1
nodisease/1062.jpg,1
phoma/368.jpg,2
phoma/443.jpg,2
nodisease/1210.jpg,1
nodisease/1118.jpg,1
nodisease/1174.jpg,1
phoma/297.jpg,2
phoma/348.jpg,2
miner/69.jpg,0
phoma/289.jpg,2
phoma/249.jpg,2
phoma/409.jpg,2
phoma/282.jpg,2
nodisease/1399.jpg,1
phoma/467.jpg,2
miner/237.jpg,0
phoma/310.jpg,2
miner/20.jpg,0
nodisease/1126.jpg,1
rust/149.jpg,3
phoma/327.jpg,2
phoma/436.jpg,2
miner/84.jpg,0
miner/985.jpg,0
phoma/246.jpg,2
miner/1438.jpg,0
miner/1020.jpg,0
miner/50.jpg,0
nodisease/1096.jpg,1
rust/1455.jpg,3
phoma/388.jpg,2
nodisease/776.jpg,1
miner/90.jpg,0
nodisease/940.jpg,1
phoma/308.jpg,2
miner/1273.jpg,0
rust/151.jpg,3
rust/1633.jpg,3
miner/1143.jpg,0
phoma/583.jpg,2
miner/49.jpg,0
rust/1533.jpg,3
rust/148.jpg,3
nodisease/1385.jpg,1
phoma/773.jpg,2
rust/1123.jpg,3
nodisease/1586.jpg,1
phoma/431.jpg,2
nodisease/1224.jpg,1
miner/1309.jpg,0
miner/817.jpg,0
phoma/345.jpg,2
phoma/422.jpg,2
rust/1089.jpg,3
phoma/281.jpg,2
phoma/619.jpg,2
phoma/328.jpg,2
nodisease/1408.jpg,1
phoma/605.jpg,2
phoma/775.jpg,2
nodisease/1230.jpg,1
nodisease/1364.jpg,1
miner/100.jpg,0
phoma/498.jpg,2
nodisease/907.jpg,1
nodisease/1326.jpg,1
miner/836.jpg,0
rust/1564.jpg,3
phoma/17.jpg,2
rust/137.jpg,3
miner/225.jpg,0
rust/971.jpg,3
nodisease/13.jpg,1
rust/1375.jpg,3
nodisease/1417.jpg,1
nodisease/920.jpg,1
nodisease/1383.jpg,1
phoma/414.jpg,2
nodisease/1325.jpg,1
rust/177.jpg,3
phoma/544.jpg,2
rust/1494.jpg,3
miner/1268.jpg,0
phoma/259.jpg,2
nodisease/696.jpg,1
miner/911.jpg,0
phoma/478.jpg,2
phoma/440.jpg,2
miner/1002.jpg,0
phoma/543.jpg,2
phoma/625.jpg,2
nodisease/1165.jpg,1
rust/136.jpg,3
rust/1571.jpg,3
phoma/552.jpg,2
phoma/423.jpg,2
phoma/269.jpg,2
phoma/800.jpg,2
nodisease/195.jpg,1
phoma/265.jpg,2
miner/1446.jpg,0
miner/1129.jpg,0
phoma/666.jpg,2
rust/1544.jpg,3
phoma/710.jpg,2
phoma/643.jpg,2
miner/1094.jpg,0
nodisease/1427.jpg,1
rust/771.jpg,3
nodisease/851.jpg,1
rust/1582.jpg,3
nodisease/206.jpg,1
nodisease/1214.jpg,1
rust/1663.jpg,3
rust/1460.jpg,3
nodisease/1421.jpg,1
nodisease/849.jpg,1
miner/893.jpg,0
miner/1083.jpg,0
miner/992.jpg,0
rust/1660.jpg,3
nodisease/1367.jpg,1
nodisease/203.jpg,1
phoma/318.jpg,2
miner/92.jpg,0
miner/991.jpg,0
phoma/339.jpg,2
miner/113.jpg,0
nodisease/765.jpg,1
miner/1445.jpg,0
rust/718.jpg,3
rust/1556.jpg,3
nodisease/1124.jpg,1
nodisease/927.jpg,1
nodisease/1429.jpg,1
miner/857.jpg,0
miner/1085.jpg,0
nodisease/932.jpg,1
miner/852.jpg,0
miner/72.jpg,0
rust/1122.jpg,3
miner/64.jpg,0
rust/1120.jpg,3
phoma/522.jpg,2
nodisease/211.jpg,1
miner/1362.jpg,0
rust/132.jpg,3
miner/958.jpg,0
nodisease/584.jpg,1
rust/1621.jpg,3
nodisease/697.jpg,1
nodisease/1381.jpg,1
miner/1135.jpg,0
miner/226.jpg,0
phoma/256.jpg,2
miner/51.jpg,0
phoma/507.jpg,2
phoma/568.jpg,2
phoma/661.jpg,2
miner/1113.jpg,0
phoma/493.jpg,2
miner/53.jpg,0
rust/131.jpg,3
rust/1523.jpg,3
phoma/675.jpg,2
phoma/524.jpg,2
phoma/251.jpg,2
phoma/505.jpg,2
phoma/280.jpg,2
rust/1530.jpg,3
nodisease/1180.jpg,1
miner/231.jpg,0
nodisease/15.jpg,1
miner/101.jpg,0
miner/114.jpg,0
nodisease/1209.jpg,1
rust/1434.jpg,3
rust/648.jpg,3
miner/1156.jpg,0
rust/1567.jpg,3
rust/841.jpg,3
phoma/411.jpg,2
nodisease/1184.jpg,1
miner/938.jpg,0
nodisease/190.jpg,1
miner/959.jpg,0
phoma/618.jpg,2
nodisease/1220.jpg,1
nodisease/1200.jpg,1
rust/713.jpg,3
rust/1566.jpg,3
miner/1439.jpg,0
miner/1500.jpg,0
rust/182.jpg,3
miner/239.jpg,0
miner/1376.jpg,0
nodisease/1319.jpg,1
phoma/511.jpg,2
miner/1025.jpg,0
rust/1568.jpg,3
phoma/632.jpg,2
nodisease/1333.jpg,1
phoma/488.jpg,2
rust/1488.jpg,3
rust/1550.jpg,3
nodisease/1226.jpg,1
nodisease/722.jpg,1
nodisease/1097.jpg,1
phoma/780.jpg,2
nodisease/201.jpg,1
miner/235.jpg,0
phoma/682.jpg,2
phoma/412.jpg,2
miner/974.jpg,0
phoma/477.jpg,2
miner/1274.jpg,0
miner/1356.jpg,0
phoma/529.jpg,2
phoma/656.jpg,2
phoma/314.jpg,2
miner/103.jpg,0
miner/1272.jpg,0
phoma/711.jpg,2
phoma/312.jpg,2
nodisease/1324.jpg,1
miner/232.jpg,0
rust/1603.jpg,3
rust/1030.jpg,3
nodisease/1061.jpg,1
nodisease/1393.jpg,1
miner/94.jpg,0
nodisease/1178.jpg,1
nodisease/1397.jpg,1
phoma/446.jpg,2
phoma/533.jpg,2
rust/1590.jpg,3
nodisease/998.jpg,1
miner/1295.jpg,0
phoma/652.jpg,2
miner/1131.jpg,0
phoma/597.jpg,2
phoma/561.jpg,2
nodisease/1116.jpg,1
phoma/542.jpg,2
miner/1561.jpg,0
nodisease/871.jpg,1
nodisease/1050.jpg,1
miner/1264.jpg,0
phoma/598.jpg,2
miner/1265.jpg,0
miner/876.jpg,0
miner/1292.jpg,0
phoma/416.jpg,2
miner/1232.jpg,0
miner/685.jpg,0
phoma/463.jpg,2
phoma/405.jpg,2
phoma/352.jpg,2
phoma/572.jpg,2
miner/1154.jpg,0
miner/1233.jpg,0
nodisease/1392.jpg,1
rust/138.jpg,3
phoma/486.jpg,2
phoma/562.jpg,2
miner/1235.jpg,0
miner/982.jpg,0
nodisease/1305.jpg,1
miner/883.jpg,0
miner/65.jpg,0
phoma/372.jpg,2
phoma/514.jpg,2
rust/1504.jpg,3
nodisease/1227.jpg,1
phoma/307.jpg,2
nodisease/1187.jpg,1
nodisease/812.jpg,1
miner/1003.jpg,0
nodisease/754.jpg,1
miner/77.jpg,0
rust/1469.jpg,3
rust/1612.jpg,3
miner/975.jpg,0
phoma/361.jpg,2
rust/146.jpg,3
nodisease/916.jpg,1
miner/80.jpg,0
nodisease/1057.jpg,1
rust/897.jpg,3
miner/1052.jpg,0
phoma/483.jpg,2
phoma/803.jpg,2
miner/1155.jpg,0
miner/1352.jpg,0
phoma/503.jpg,2
phoma/283.jpg,2
miner/1278.jpg,0
nodisease/1127.jpg,1
phoma/323.jpg,2
rust/1461.jpg,3
miner/87.jpg,0
rust/1574.jpg,3
miner/35.jpg,0
phoma/294.jpg,2
rust/178.jpg,3
rust/1558.jpg,3
miner/890.jpg,0
nodisease/1125.jpg,1
miner/1447.jpg,0
nodisease/1630.jpg,1
nodisease/869.jpg,1
miner/1247.jpg,0
miner/1353.jpg,0
phoma/783.jpg,2
phoma/810.jpg,2
rust/1373.jpg,3
miner/118.jpg,0
phoma/332.jpg,2
nodisease/925.jpg,1
phoma/243.jpg,2
nodisease/212.jpg,1
phoma/258.jpg,2
rust/1041.jpg,3
rust/186.jpg,3
miner/1341.jpg,0
miner/888.jpg,0
nodisease/917.jpg,1
rust/1454.jpg,3
nodisease/1078.jpg,1
phoma/344.jpg,2
phoma/556.jpg,2
phoma/545.jpg,2
miner/234.jpg,0
rust/1495.jpg,3
miner/976.jpg,0
phoma/370.jpg,2
rust/134.jpg,3
nodisease/1213.jpg,1
nodisease/1060.jpg,1
phoma/428.jpg,2
rust/1470.jpg,3
nodisease/1425.jpg,1
miner/1105.jpg,0
miner/1263.jpg,0
nodisease/1013.jpg,1
miner/124.jpg,0
phoma/676.jpg,2
miner/127.jpg,0
miner/1023.jpg,0
rust/768.jpg,3
phoma/581.jpg,2
nodisease/1016.jpg,1
phoma/510.jpg,2
phoma/580.jpg,2
miner/1075.jpg,0
nodisease/1628.jpg,1
miner/1257.jpg,0
nodisease/0.jpg,1
nodisease/1119.jpg,1
miner/1563.jpg,0
phoma/300.jpg,2
phoma/435.jpg,2
phoma/273.jpg,2
nodisease/742.jpg,1
rust/840.jpg,3
rust/1351.jpg,3
rust/1597.jpg,3
nodisease/1388.jpg,1
miner/93.jpg,0
rust/1465.jpg,3
rust/153.jpg,3
miner/97.jpg,0
phoma/242.jpg,2
phoma/622.jpg,2
phoma/456.jpg,2
rust/160.jpg,3
miner/78.jpg,0
phoma/501.jpg,2
phoma/349.jpg,2
rust/1043.jpg,3
miner/227.jpg,0
miner/222.jpg,0
phoma/466.jpg,2
miner/1266.jpg,0
phoma/371.jpg,2
miner/1311.jpg,0
rust/175.jpg,3
rust/1609.jpg,3
nodisease/1066.jpg,1
miner/1234.jpg,0
nodisease/1063.jpg,1
nodisease/1371.jpg,1
nodisease/694.jpg,1
miner/1481.jpg,0
miner/1071.jpg,0
phoma/376.jpg,2
nodisease/1412.jpg,1
phoma/606.jpg,2
miner/1000.jpg,0
phoma/462.jpg,2
phoma/480.jpg,2
miner/707.jpg,0
nodisease/743.jpg,1
rust/944.jpg,3
rust/842.jpg,3
rust/1638.jpg,3
rust/154.jpg,3
phoma/736.jpg,2
nodisease/1317.jpg,1
phoma/664.jpg,2
miner/1437.jpg,0
phoma/415.jpg,2
miner/855.jpg,0
phoma/401.jpg,2
nodisease/1183.jpg,1
rust/1531.jpg,3
rust/1536.jpg,3
miner/1009.jpg,0
phoma/305.jpg,2
miner/686.jpg,0
phoma/266.jpg,2
nodisease/1296.jpg,1
rust/970.jpg,3
rust/715.jpg,3
phoma/756.jpg,2
rust/1642.jpg,3
phoma/475.jpg,2
rust/1443.jpg,3
miner/1498.jpg,0
rust/1534.jpg,3
rust/1575.jpg,3
miner/1035.jpg,0
phoma/509.jpg,2
nodisease/1146.jpg,1
phoma/459.jpg,2
phoma/334.jpg,2
phoma/600.jpg,2
nodisease/763.jpg,1
nodisease/778.jpg,1
miner/1256.jpg,0
phoma/601.jpg,2
rust/900.jpg,3
rust/1440.jpg,3
miner/704.jpg,0
phoma/669.jpg,2
miner/61.jpg,0
miner/1448.jpg,0
miner/1149.jpg,0
miner/1330.jpg,0
phoma/386.jpg,2
phoma/419.jpg,2
miner/31.jpg,0
rust/1619.jpg,3
nodisease/692.jpg,1
nodisease/850.jpg,1
phoma/571.jpg,2
phoma/253.jpg,2
phoma/573.jpg,2
rust/1593.jpg,3
nodisease/1182.jpg,1
phoma/479.jpg,2
rust/843.jpg,3
rust/159.jpg,3
nodisease/1117.jpg,1
rust/960.jpg,3
nodisease/1186.jpg,1
miner/40.jpg,0
phoma/315.jpg,2
phoma/772.jpg,2
nodisease/835.jpg,1
phoma/398.jpg,2
phoma/822.jpg,2
miner/973.jpg,0
nodisease/1394.jpg,1
rust/1529.jpg,3
phoma/537.jpg,2
miner/96.jpg,0
miner/1260.jpg,0
nodisease/1192.jpg,1
nodisease/862.jpg,1
nodisease/1396.jpg,1
rust/899.jpg,3
nodisease/1014.jpg,1
miner/122.jpg,0
nodisease/1413.jpg,1
rust/1456.jpg,3
miner/986.jpg,0
phoma/516.jpg,2
rust/1462.jpg,3
phoma/738.jpg,2
nodisease/1196.jpg,1
nodisease/755.jpg,1
phoma/322.jpg,2
miner/74.jpg,0
rust/962.jpg,3
rust/1553.jpg,3
phoma/469.jpg,2
miner/82.jpg,0
phoma/708.jpg,2
phoma/627.jpg,2
miner/1270.jpg,0
phoma/787.jpg,2
rust/1453.jpg,3
rust/1491.jpg,3
nodisease/1190.jpg,1
rust/1349.jpg,3
miner/957.jpg,0
nodisease/214.jpg,1
nodisease/724.jpg,1
miner/73.jpg,0
nodisease/698.jpg,1
phoma/709.jpg,2
phoma/304.jpg,2
rust/714.jpg,3
rust/187.jpg,3
miner/1358.jpg,0
rust/887.jpg,3
miner/1287.jpg,0
nodisease/1239.jpg,1
rust/165.jpg,3
nodisease/1007.jpg,1
rust/1090.jpg,3
miner/1142.jpg,0
miner/1267.jpg,0
rust/150.jpg,3
miner/891.jpg,0
phoma/558.jpg,2
nodisease/691.jpg,1
phoma/646.jpg,2
phoma/671.jpg,2
nodisease/1291.jpg,1
phoma/506.jpg,2
miner/1285.jpg,0
nodisease/753.jpg,1
miner/220.jpg,0
phoma/474.jpg,2
phoma/316.jpg,2
rust/1554.jpg,3
miner/1138.jpg,0
nodisease/1185.jpg,1
phoma/616.jpg,2
nodisease/192.jpg,1
nodisease/587.jpg,1
miner/1346.jpg,0
nodisease/760.jpg,1
miner/1337.jpg,0
rust/946.jpg,3
nodisease/1625.jpg,1
rust/163.jpg,3
miner/978.jpg,0
miner/66.jpg,0
rust/733.jpg,3
nodisease/1656.jpg,1
phoma/241.jpg,2
rust/1484.jpg,3
miner/70.jpg,0
rust/1616.jpg,3
miner/1022.jpg,0
nodisease/1212.jpg,1
phoma/582.jpg,2
phoma/295.jpg,2
miner/988.jpg,0
nodisease/999.jpg,1
rust/903.jpg,3
rust/1490.jpg,3
phoma/798.jpg,2
rust/1525.jpg,3
miner/915.jpg,0
phoma/525.jpg,2
miner/1092.jpg,0
phoma/612.jpg,2
phoma/410.jpg,2
nodisease/1037.jpg,1
miner/984.jpg,0
miner/1339.jpg,0
miner/1102.jpg,0
miner/1106.jpg,0
phoma/240.jpg,2
phoma/589.jpg,2
miner/1314.jpg,0
phoma/492.jpg,2
rust/1578.jpg,3
rust/141.jpg,3
miner/1361.jpg,0
rust/1570.jpg,3
miner/33.jpg,0
miner/993.jpg,0
nodisease/1098.jpg,1
nodisease/1206.jpg,1
rust/158.jpg,3
miner/1086.jpg,0
miner/1480.jpg,0
phoma/737.jpg,2
